epoch,val_accuracy,train_accuracy,loss
0,299.9662781762295,151.2117435515873,6.429018588293166
1,210.0,85.03810598018403,5.254506065731957
2,197.48640710382512,83.05178239687595,4.591092745463054
3,177.2922792862022,87.35020354678497,4.001778704779489
4,164.8707180669399,78.0922235965777,3.4868974345070973
5,154.17152920081966,73.09740862905673,3.073975846880958
6,153.85508666325137,67.72871486705087,2.75638899349031
